ts,monotonic_s,gpu_util_pct,vram_used_mib,power_w,temp_c,sm_clock_mhz,cpu_util_pct,load1,cpu0_pct,cpu1_pct,cpu2_pct,cpu3_pct,cpu4_pct,cpu5_pct,cpu6_pct,cpu7_pct,cpu8_pct,cpu9_pct,cpu10_pct,cpu11_pct,cpu12_pct,cpu13_pct,cpu14_pct,cpu15_pct,cpu16_pct,cpu17_pct,cpu18_pct,cpu19_pct,cpu20_pct,cpu21_pct,cpu22_pct,cpu23_pct,ram_used_gib,ram_available_gib,swap_used_gib,io_read_mb_s,io_write_mb_s,net_rx_kb_s,net_tx_kb_s
2026-06-12T16:31:37+05:30,0.003,,,,,,44.400,12.880,0.000,0.000,0.000,0.000,0.000,100.000,100.000,0.000,0.000,0.000,0.000,0.000,50.000,0.000,0.000,0.000,0.000,0.000,0.000,0.000,0.000,0.000,0.000,0.000,25.095,32.053,5.228,0.000,0.000,56.108,37.812
2026-06-12T16:31:38+05:30,1.002,0.000,22173.000,209.550,50.000,2070.000,57.700,12.880,60.400,82.700,67.700,64.900,64.000,53.500,59.800,62.600,40.600,59.800,52.100,52.000,47.900,62.500,46.900,80.000,45.800,33.300,45.500,89.000,40.600,46.400,80.000,41.700,25.188,31.958,5.228,0.008,0.586,10425.084,10104.368
2026-06-12T16:31:39+05:30,2.002,0.000,22173.000,166.860,50.000,2070.000,58.000,13.530,53.500,67.700,73.200,85.300,43.900,45.900,48.400,58.900,45.300,58.800,53.100,54.100,73.500,48.500,65.700,58.200,52.000,54.500,46.900,100.000,41.200,49.000,73.200,38.900,25.285,31.860,5.228,0.090,0.262,15058.462,15055.907
2026-06-12T16:31:40+05:30,3.002,0.000,22173.000,136.010,50.000,2070.000,57.600,13.530,56.600,58.300,37.200,56.700,54.600,43.600,78.200,51.500,42.900,45.900,51.000,71.400,44.900,54.200,100.000,54.600,54.600,59.800,44.900,100.000,51.500,49.500,53.600,62.600,25.402,31.744,5.228,0.000,0.008,14202.172,13880.886
2026-06-12T16:31:41+05:30,4.004,0.000,22173.000,117.810,50.000,1890.000,61.700,13.530,50.500,53.600,66.000,62.200,54.600,55.700,54.200,57.300,62.600,69.700,45.400,63.600,56.100,60.000,100.000,61.900,62.200,57.100,60.400,100.000,56.700,66.000,49.500,54.200,25.488,31.657,5.228,0.008,0.004,15253.238,14948.560
2026-06-12T16:31:42+05:30,5.007,0.000,22173.000,109.790,49.000,1890.000,58.800,13.530,72.900,54.600,71.700,55.200,59.200,42.100,49.000,74.000,51.000,39.600,35.100,56.800,57.700,56.600,100.000,46.900,36.800,46.800,56.700,83.700,55.100,95.000,31.600,76.000,25.465,31.680,5.228,0.692,0.008,14724.359,14336.203
2026-06-12T16:31:43+05:30,6.003,0.000,22173.000,101.740,49.000,1890.000,61.500,13.530,54.500,54.600,51.000,68.400,63.500,65.300,59.800,79.800,42.700,37.100,44.800,51.500,63.900,49.000,71.000,62.900,58.200,67.700,50.500,78.800,50.500,100.000,74.500,70.700,25.492,31.652,5.228,0.629,0.074,15492.560,15089.113
2026-06-12T16:31:44+05:30,7.004,0.000,22173.000,101.460,49.000,1890.000,58.400,13.248,61.500,63.300,64.300,51.000,56.700,44.300,43.300,43.900,99.000,29.200,56.100,69.100,67.300,62.200,58.800,52.600,51.500,50.500,41.200,63.900,45.800,89.100,69.400,64.600,25.546,31.597,5.228,0.895,1.098,14983.759,14555.810
2026-06-12T16:31:45+05:30,8.002,0.000,22173.000,101.400,49.000,1890.000,61.000,13.248,62.500,61.500,51.500,64.900,59.200,63.900,86.900,61.200,69.300,45.900,55.700,51.000,49.500,57.700,53.700,56.700,56.300,52.000,48.000,88.000,50.500,59.200,91.900,64.000,25.487,31.656,5.228,0.551,0.324,13216.342,14600.292
2026-06-12T16:31:46+05:30,9.002,0.000,22173.000,101.450,49.000,1890.000,60.100,13.248,52.600,51.000,61.100,50.500,58.800,53.100,86.900,65.700,65.700,66.300,63.300,66.300,69.700,57.100,42.900,55.700,62.900,66.700,44.300,53.100,60.600,49.500,68.400,73.200,25.497,31.646,5.228,0.160,0.008,14808.865,14457.373
2026-06-12T16:31:47+05:30,10.004,0.000,22173.000,101.440,50.000,1890.000,58.000,13.248,56.700,55.200,36.700,59.400,79.600,56.200,42.600,62.600,71.400,100.000,59.800,54.600,43.300,52.600,42.300,48.000,64.600,50.000,93.000,51.000,37.900,54.600,60.200,53.700,25.440,31.702,5.228,0.102,0.004,15432.517,15023.035
2026-06-12T16:31:48+05:30,11.005,0.000,22173.000,101.440,49.000,1890.000,56.100,13.248,48.500,42.900,35.700,53.100,87.900,53.100,62.100,58.600,68.000,46.900,49.500,37.800,57.600,43.800,36.700,41.200,86.000,74.700,82.300,60.800,61.200,56.200,43.700,59.800,25.458,31.684,5.228,0.129,0.340,14918.890,14739.187
2026-06-12T16:31:49+05:30,12.003,0.000,22173.000,101.470,50.000,1890.000,63.400,13.067,38.500,69.700,54.600,83.200,50.500,40.600,65.600,71.400,64.600,60.200,62.500,65.300,57.300,69.700,45.800,100.000,49.000,93.900,61.100,57.300,61.900,58.800,76.500,58.300,25.510,31.631,5.228,1.141,3.153,15274.964,14643.169
2026-06-12T16:31:50+05:30,13.003,0.000,22173.000,101.460,50.000,1890.000,64.200,13.067,61.100,63.900,60.800,76.400,83.000,44.300,66.300,70.800,62.900,53.100,69.800,61.700,67.700,70.100,74.500,100.000,59.800,50.500,56.200,69.100,52.000,47.400,49.000,66.300,25.586,31.555,5.228,0.664,0.492,15802.098,15232.190
2026-06-12T16:31:51+05:30,14.005,0.000,22173.000,101.530,50.000,1890.000,63.600,13.067,57.700,52.000,53.600,79.000,64.300,81.800,56.100,50.500,65.600,67.000,58.600,82.000,71.400,62.900,51.000,91.900,65.300,59.200,53.100,64.400,62.100,61.600,64.600,56.600,25.476,31.665,5.228,0.722,0.277,15515.789,15110.300
2026-06-12T16:31:52+05:30,15.003,0.000,22173.000,101.500,50.000,1890.000,59.100,13.067,44.700,48.400,61.900,64.300,46.400,32.700,58.900,69.400,62.600,53.600,59.400,75.000,70.700,50.500,57.600,85.000,50.500,62.200,58.200,57.600,63.300,48.500,70.400,60.200,25.439,31.700,5.228,0.371,0.008,14739.264,14236.979
2026-06-12T16:31:53+05:30,16.003,0.000,22173.000,101.460,50.000,1890.000,62.000,13.067,61.200,45.500,64.600,62.500,73.500,48.000,60.400,51.000,67.700,68.400,47.000,86.900,58.800,44.200,56.600,62.200,51.000,81.000,53.100,60.600,98.000,78.800,57.600,49.000,25.611,31.529,5.225,0.836,0.004,15261.660,14939.768
2026-06-12T16:31:54+05:30,17.003,0.000,22173.000,101.520,50.000,1890.000,61.100,13.863,52.000,59.600,47.400,54.600,61.200,61.200,44.800,55.700,53.100,60.200,72.200,73.200,57.600,63.600,68.800,73.000,53.600,69.100,58.600,53.700,100.000,62.900,57.700,49.500,25.615,31.524,5.225,0.000,0.520,14952.707,14630.524
2026-06-12T16:31:55+05:30,18.003,0.000,22173.000,101.510,50.000,1890.000,59.200,13.863,53.600,59.800,67.700,47.900,57.700,42.100,65.300,58.200,54.200,55.100,55.100,71.400,68.000,61.900,55.000,50.000,57.900,56.200,55.700,62.200,64.900,52.600,89.000,57.600,25.817,31.322,5.225,0.000,0.223,16012.455,15796.702
2026-06-12T16:31:56+05:30,19.003,0.000,22173.000,101.470,50.000,1890.000,60.900,13.863,54.100,53.600,55.700,56.100,61.200,59.600,66.700,66.700,58.300,82.700,36.500,47.900,47.400,57.700,46.300,58.800,80.800,67.300,62.200,64.300,57.300,59.800,100.000,57.100,26.041,31.097,5.225,0.000,2.070,15402.024,15070.663
2026-06-12T16:31:57+05:30,20.003,0.000,22173.000,27.560,48.000,255.000,61.500,13.863,49.500,56.200,52.600,72.200,46.900,49.000,72.700,67.300,67.700,68.400,35.100,38.500,54.500,63.000,72.000,74.500,58.900,68.400,78.400,59.800,61.600,44.800,100.000,62.900,26.291,30.847,5.225,0.000,0.004,15147.427,14800.642
2026-06-12T16:31:58+05:30,21.002,0.000,22173.000,22.740,47.000,210.000,61.700,13.863,67.000,79.800,52.500,85.700,73.200,40.200,53.200,73.300,59.200,53.100,45.300,63.600,55.200,45.900,67.000,42.900,50.000,62.500,73.300,50.500,56.100,69.400,100.000,58.800,25.787,31.351,5.225,0.125,0.113,14803.468,14492.967
2026-06-12T16:31:59+05:30,22.003,0.000,22173.000,15.900,47.000,210.000,63.100,13.713,54.500,62.500,66.000,49.000,64.600,61.500,66.700,53.700,75.800,68.400,48.900,52.000,65.300,53.600,38.900,51.500,61.400,54.100,76.500,64.600,82.500,75.500,100.000,63.300,26.124,31.013,5.225,0.277,0.016,14893.471,14658.404
2026-06-12T16:32:00+05:30,23.003,0.000,22173.000,15.950,47.000,210.000,57.900,13.713,52.100,54.600,50.000,56.700,66.300,61.200,52.100,58.300,55.200,50.000,31.300,42.900,45.800,52.100,63.500,70.400,61.600,52.000,94.000,52.600,77.300,65.700,89.900,34.700,26.302,30.848,5.225,0.027,0.867,14602.157,14254.621
2026-06-12T16:32:01+05:30,24.002,0.000,22173.000,15.860,47.000,210.000,61.500,13.713,60.200,61.900,66.000,49.500,54.700,62.200,57.300,57.300,55.700,69.400,59.600,54.600,56.700,61.200,54.700,83.700,66.300,63.300,67.300,87.800,53.100,50.500,47.900,71.400,26.468,30.686,5.224,0.641,0.023,14985.136,14785.173
2026-06-12T16:32:02+05:30,25.003,0.000,22173.000,15.600,47.000,210.000,55.400,13.713,44.300,47.900,52.100,53.600,41.100,41.500,36.700,75.800,90.000,55.200,51.000,51.000,43.700,52.500,66.700,44.300,59.200,65.300,98.000,54.100,38.400,68.000,44.900,50.000,26.546,30.607,5.224,0.348,0.016,15942.821,15732.502
2026-06-12T16:32:03+05:30,26.015,0.000,22173.000,15.570,47.000,210.000,57.400,13.713,47.300,50.500,52.600,75.000,64.300,51.000,52.600,34.000,63.300,49.500,64.300,50.000,63.300,44.300,63.900,54.200,55.700,50.000,73.700,74.700,59.600,65.300,52.600,64.600,26.619,30.534,5.224,0.363,2.757,15986.084,15653.135
2026-06-12T16:32:04+05:30,27.004,0.000,22173.000,15.640,47.000,210.000,55.600,13.576,71.700,62.500,49.000,50.500,60.200,60.600,54.500,52.600,60.600,58.600,54.100,62.900,59.800,58.600,45.500,70.400,45.400,35.800,43.900,60.800,58.300,46.900,47.400,59.600,26.627,30.525,5.224,0.313,0.738,14945.513,14448.834
2026-06-12T16:32:05+05:30,28.003,0.000,22173.000,15.620,46.000,210.000,63.800,13.576,78.800,56.700,57.700,68.700,50.500,59.400,55.200,64.900,71.100,77.300,75.300,79.800,69.700,68.000,53.100,60.600,50.500,58.200,75.000,64.600,56.200,52.600,73.500,51.000,26.651,30.501,5.224,0.340,0.516,15595.203,15180.723
2026-06-12T16:32:06+05:30,29.003,0.000,22173.000,15.660,46.000,210.000,63.200,13.576,61.900,56.600,67.300,62.600,55.700,65.300,68.000,71.400,55.700,90.900,53.600,56.400,66.700,60.400,68.000,60.600,60.400,49.500,71.700,44.800,78.800,62.900,70.400,59.400,26.721,30.431,5.224,0.027,0.012,14742.541,14466.509
2026-06-12T16:32:07+05:30,30.003,0.000,22173.000,15.670,46.000,210.000,64.000,13.576,64.900,62.100,64.300,66.000,61.500,62.500,51.000,69.100,56.300,62.600,58.600,57.100,60.000,73.000,68.700,68.400,76.300,59.600,74.200,52.600,95.000,44.300,54.600,70.700,26.701,30.447,5.223,0.457,18.836,15625.557,15298.908
2026-06-12T16:32:08+05:30,31.002,0.000,22173.000,15.620,46.000,210.000,54.000,13.576,63.300,53.100,58.200,66.700,34.700,46.900,71.900,61.200,63.000,42.600,53.600,59.200,43.900,80.600,60.000,32.700,36.700,39.200,66.700,61.600,50.500,43.900,41.100,61.200,26.790,30.358,5.223,0.352,2.317,16063.029,17295.858
2026-06-12T16:32:09+05:30,32.003,0.000,22173.000,15.600,46.000,210.000,59.900,13.530,80.200,71.100,53.600,57.100,74.500,56.700,53.500,59.600,58.800,56.800,71.700,52.100,59.800,54.500,69.100,51.000,60.800,57.700,59.800,55.100,52.600,58.600,63.300,49.000,26.663,30.487,5.223,0.664,0.004,15139.768,14635.117
2026-06-12T16:32:10+05:30,33.002,0.000,22173.000,15.580,46.000,210.000,57.700,13.530,62.900,98.000,47.400,67.700,65.300,51.000,70.400,61.500,56.200,56.700,57.300,65.600,50.000,41.200,51.000,70.100,64.600,50.500,56.600,52.600,45.700,43.300,53.600,44.800,26.657,30.492,5.223,0.793,0.008,15407.641,14915.508
2026-06-12T16:32:11+05:30,34.002,0.000,22173.000,15.480,46.000,210.000,66.300,13.530,66.000,70.400,60.400,68.000,64.900,73.700,97.000,57.400,61.200,73.200,59.400,66.700,63.200,72.200,66.300,69.700,68.700,60.400,52.600,69.400,67.000,58.200,68.400,54.700,26.587,30.566,5.223,0.270,0.438,15763.234,15486.995
2026-06-12T16:32:12+05:30,35.004,0.000,22173.000,15.390,46.000,210.000,58.000,13.530,66.300,52.000,62.600,45.300,61.600,60.200,61.200,53.100,53.100,54.100,46.900,43.400,56.300,57.300,65.300,74.000,61.900,78.600,66.000,57.300,52.600,41.500,52.500,66.300,26.702,30.451,5.223,0.320,1.027,15127.603,14681.778
2026-06-12T16:32:13+05:30,36.002,0.000,22173.000,15.360,46.000,210.000,57.900,13.530,71.700,56.300,82.700,61.600,53.200,80.800,52.600,44.300,56.100,48.500,51.500,48.000,72.400,70.400,60.400,44.200,49.500,69.700,40.800,50.500,52.000,45.400,48.500,75.300,26.620,30.532,5.223,0.328,0.004,14928.914,14574.343
2026-06-12T16:32:14+05:30,37.003,0.000,22173.000,15.420,46.000,210.000,58.200,13.568,62.500,56.800,68.700,73.500,51.500,57.300,50.000,64.300,52.000,46.900,50.000,43.700,65.300,87.900,62.000,66.700,55.100,49.000,66.000,61.200,56.100,58.800,34.700,55.100,26.654,30.498,5.223,0.000,0.227,15863.145,15486.016
2026-06-12T16:32:15+05:30,38.002,0.000,22173.000,15.550,46.000,210.000,60.200,13.568,64.900,67.300,85.900,71.100,58.600,78.000,55.700,58.300,80.000,49.000,62.600,49.500,50.500,56.700,82.500,51.500,46.000,42.900,58.200,57.700,55.100,54.600,52.600,58.600,26.664,30.488,5.223,0.266,1.062,15092.941,14712.128
2026-06-12T16:32:16+05:30,39.003,0.000,22173.000,15.550,46.000,210.000,68.400,13.568,88.800,76.800,64.600,87.000,64.300,62.900,60.600,75.800,66.300,74.700,74.000,56.100,67.700,53.100,76.500,75.500,79.600,57.700,54.200,53.100,71.700,100.000,46.900,51.500,26.686,30.466,5.223,0.203,0.141,13189.286,12701.177
2026-06-12T16:32:17+05:30,40.003,0.000,22173.000,15.450,46.000,210.000,69.300,13.568,80.600,67.000,66.000,72.900,81.600,62.900,65.700,56.700,58.300,91.800,60.800,60.800,60.400,76.500,76.500,66.000,59.200,68.400,70.100,56.100,69.400,98.000,50.500,81.800,26.644,30.507,5.223,0.418,20.171,13896.942,13652.023
2026-06-12T16:32:18+05:30,41.003,0.000,22173.000,15.440,46.000,210.000,62.600,13.568,65.300,75.500,61.200,70.000,56.800,61.600,64.900,68.700,61.900,86.900,80.600,52.600,52.100,60.200,52.600,55.700,71.900,52.000,58.200,63.600,56.400,69.700,54.600,50.500,26.559,30.592,5.223,0.082,0.141,14880.436,14503.704
2026-06-12T16:32:19+05:30,42.006,0.000,22173.000,15.500,46.000,210.000,72.100,14.163,77.600,61.500,71.000,76.000,67.700,74.500,69.800,67.300,63.900,78.100,76.500,68.000,51.500,71.700,81.800,71.400,65.600,72.200,68.400,69.800,74.500,72.200,83.700,92.900,26.485,30.665,5.223,0.133,0.445,13904.289,15390.408
2026-06-12T16:32:20+05:30,43.004,0.000,22173.000,15.550,46.000,210.000,68.700,14.163,76.500,54.600,70.000,74.500,71.400,74.200,78.400,78.600,68.800,56.100,58.800,53.100,78.400,76.300,74.200,67.000,63.600,60.600,55.700,60.000,70.400,62.200,66.000,100.000,26.459,30.690,5.223,0.301,0.582,13956.992,13829.386
2026-06-12T16:32:21+05:30,44.003,0.000,22173.000,15.540,45.000,210.000,67.300,14.163,75.000,64.200,62.500,56.700,59.600,58.300,63.000,85.900,64.600,66.300,72.900,60.400,62.200,67.000,78.600,75.300,65.600,57.700,60.000,65.000,71.000,85.900,49.500,86.900,26.497,30.652,5.223,0.250,13.177,14303.325,14038.129
2026-06-12T16:32:22+05:30,45.004,0.000,22173.000,15.400,46.000,210.000,61.600,14.163,57.100,45.500,52.600,34.700,49.000,53.100,62.100,64.300,79.600,67.300,71.700,71.400,58.800,45.000,61.600,100.000,52.000,67.300,56.700,55.200,89.900,46.900,61.900,75.500,26.540,30.609,5.223,0.168,8.666,11873.526,11619.960
2026-06-12T16:32:23+05:30,46.003,0.000,22173.000,15.320,45.000,210.000,58.400,14.163,48.500,37.200,59.800,35.400,57.100,69.700,81.800,61.200,70.400,69.800,62.900,50.500,35.100,42.700,47.400,100.000,72.000,49.000,65.300,57.700,54.300,67.700,48.000,49.000,26.532,30.616,5.223,0.500,12.979,10452.944,9953.741
2026-06-12T16:32:24+05:30,47.004,0.000,22173.000,15.330,45.000,210.000,63.300,13.990,56.100,57.900,55.700,62.200,56.000,90.900,78.800,76.800,57.600,64.200,56.700,48.500,58.200,59.400,54.600,100.000,47.900,49.500,45.400,68.000,71.700,86.900,55.600,62.200,26.545,30.603,5.223,0.359,0.004,9981.644,9587.636
2026-06-12T16:32:25+05:30,48.003,0.000,22173.000,15.300,45.000,210.000,62.400,13.990,50.000,60.200,75.800,56.700,61.900,76.300,49.000,67.000,72.200,73.700,59.200,67.700,53.100,62.600,47.900,100.000,32.000,57.100,64.600,51.000,58.800,68.700,67.000,61.900,26.530,30.617,5.223,0.004,0.004,9543.968,9354.619
2026-06-12T16:32:26+05:30,49.002,0.000,22173.000,15.270,45.000,210.000,58.400,13.990,61.200,46.900,73.500,47.400,72.700,40.800,52.100,57.700,64.300,62.500,62.500,67.300,53.100,42.300,61.600,100.000,49.000,61.600,51.000,57.900,58.800,58.300,45.700,49.500,26.502,30.645,5.223,0.191,0.004,10402.240,10142.075
2026-06-12T16:32:27+05:30,50.004,0.000,22173.000,15.270,45.000,210.000,59.800,13.990,51.500,69.400,60.800,76.300,54.600,37.900,50.000,60.200,55.200,43.800,59.200,73.500,42.400,51.500,99.000,100.000,43.200,69.100,66.700,62.200,53.100,60.600,52.000,40.600,26.592,30.554,5.223,0.043,0.812,9986.639,9758.112
2026-06-12T16:32:28+05:30,51.002,0.000,22173.000,15.180,45.000,210.000,62.700,13.990,45.300,62.900,88.900,76.800,50.500,55.100,50.000,54.600,74.700,47.900,58.300,49.500,49.500,73.000,64.900,100.000,49.000,76.500,66.700,53.500,77.600,51.500,61.900,64.600,26.569,30.577,5.223,0.000,0.004,9717.547,9457.388
2026-06-12T16:32:29+05:30,52.003,0.000,22173.000,15.270,45.000,210.000,60.000,14.071,67.000,42.600,65.700,80.200,58.800,53.100,62.200,62.100,62.200,48.500,39.600,40.400,71.400,59.200,91.000,100.000,59.800,46.900,57.700,59.800,67.000,47.400,43.700,46.900,26.455,30.691,5.223,0.129,0.668,10309.589,10092.044
2026-06-12T16:32:30+05:30,53.004,0.000,22173.000,15.390,45.000,210.000,66.200,14.071,84.500,54.600,50.000,79.600,58.200,62.600,58.800,63.600,59.400,65.600,61.900,78.000,49.000,66.300,98.000,100.000,58.600,57.100,69.400,72.200,55.600,63.200,64.600,61.900,26.546,30.599,5.223,0.223,0.004,13480.221,14934.286
2026-06-12T16:32:31+05:30,54.002,0.000,22173.000,15.540,45.000,210.000,71.700,14.071,78.600,66.300,72.200,81.600,65.600,75.500,64.600,70.100,86.900,62.500,77.300,67.400,69.100,75.000,73.200,100.000,61.500,56.700,70.800,66.700,78.800,72.200,61.100,61.100,26.600,30.545,5.223,0.594,0.527,15554.490,15261.284
2026-06-12T16:32:32+05:30,55.004,0.000,22173.000,15.520,45.000,210.000,66.700,14.071,62.600,58.800,69.700,63.600,69.400,56.800,70.700,71.100,59.400,74.700,69.100,62.100,63.300,52.500,60.000,100.000,66.300,64.600,67.700,83.000,66.700,63.500,71.900,54.100,26.585,30.559,5.223,0.465,0.227,15440.724,15091.672
2026-06-12T16:32:33+05:30,56.003,0.000,22173.000,15.430,45.000,210.000,63.600,14.071,61.200,52.000,63.900,50.000,47.400,59.600,69.100,67.000,68.400,54.700,77.800,60.400,59.800,67.000,78.600,100.000,45.500,50.500,73.500,65.300,57.100,67.000,60.800,65.600,26.661,30.483,5.223,0.805,0.102,15285.291,14822.376
2026-06-12T16:32:34+05:30,57.002,0.000,22173.000,15.340,45.000,210.000,65.700,13.985,63.300,64.900,63.300,46.400,59.800,60.000,66.000,74.700,80.800,57.900,69.400,64.300,64.600,64.300,73.700,100.000,50.500,43.600,58.300,59.800,88.800,70.100,72.700,56.800,26.693,30.451,5.223,1.047,1.309,15719.605,15311.334
2026-06-12T16:32:35+05:30,58.009,0.000,22173.000,15.280,45.000,210.000,64.200,13.985,55.800,59.400,60.800,50.500,61.100,52.100,56.600,83.800,91.900,57.600,67.300,61.600,82.700,56.700,65.700,100.000,47.400,53.600,61.500,55.700,51.500,61.200,67.000,75.500,26.685,30.458,5.223,0.695,0.164,15999.345,15434.745
2026-06-12T16:32:36+05:30,59.004,0.000,22173.000,15.200,45.000,210.000,67.300,13.985,61.900,45.800,60.600,75.000,68.700,69.100,82.800,84.000,66.700,55.800,59.200,79.400,49.000,77.000,66.300,89.800,63.900,74.700,68.000,64.900,59.800,54.600,56.100,78.800,26.654,30.489,5.223,0.797,0.199,15847.153,15298.823
2026-06-12T16:32:37+05:30,60.004,0.000,22173.000,15.160,45.000,210.000,68.900,13.985,87.100,54.600,66.000,62.500,69.800,70.400,58.900,69.100,73.500,64.200,70.400,61.100,76.300,55.200,58.800,80.800,66.700,71.400,69.400,72.700,65.700,98.000,65.300,69.100,26.874,30.268,5.223,0.820,0.008,14967.206,14488.883
2026-06-12T16:32:38+05:30,61.003,0.000,22173.000,15.210,45.000,210.000,67.700,13.985,64.600,59.800,78.000,64.600,79.800,68.700,67.300,50.000,63.900,67.700,67.700,67.700,78.800,57.300,51.000,68.400,63.300,67.700,66.700,80.600,79.600,67.400,68.400,71.900,26.803,30.339,5.223,0.430,4.547,15704.737,15323.726
2026-06-12T16:32:39+05:30,62.003,0.000,22173.000,15.290,45.000,210.000,68.200,14.307,63.600,70.700,72.400,57.100,76.800,56.700,72.400,71.400,66.000,70.800,79.600,69.400,61.200,54.600,53.600,77.600,58.600,70.700,81.000,75.800,79.400,73.500,66.700,58.800,26.315,30.836,5.222,1.527,0.203,15692.470,15049.938
2026-06-12T16:32:40+05:30,63.004,0.000,22173.000,15.310,45.000,210.000,67.000,14.307,66.300,61.900,53.100,69.100,92.000,71.400,63.600,73.400,61.600,69.700,60.800,64.600,67.300,55.700,62.500,67.700,69.500,58.200,71.100,75.500,61.900,67.300,82.000,56.200,26.101,31.053,5.222,0.254,0.004,17060.481,16708.017
2026-06-12T16:32:41+05:30,64.003,0.000,22173.000,15.280,45.000,210.000,68.900,14.307,64.600,62.900,69.700,65.600,66.000,74.000,81.200,67.700,69.700,69.800,75.500,68.400,56.800,59.800,91.000,74.700,68.000,65.300,73.500,60.200,64.600,61.900,72.400,73.500,26.289,30.865,5.222,0.000,0.004,20658.612,20316.240
2026-06-12T16:32:42+05:30,65.003,0.000,22173.000,15.430,45.000,210.000,67.900,14.307,55.200,72.900,69.100,60.200,72.200,72.400,71.100,67.000,69.700,76.300,74.000,70.100,70.700,63.900,52.100,68.800,61.600,58.200,71.000,62.500,72.200,71.100,75.800,67.700,26.305,30.847,5.222,0.129,0.004,19983.339,19796.360
2026-06-12T16:32:43+05:30,66.002,0.000,22173.000,15.490,45.000,210.000,68.300,14.307,63.300,75.300,66.000,54.700,69.400,71.700,61.900,66.000,70.400,71.400,74.500,66.300,71.400,69.400,57.300,56.700,68.800,67.000,96.000,71.400,72.400,70.100,62.500,63.300,26.302,30.851,5.222,0.004,0.238,19791.862,19426.468
2026-06-12T16:32:44+05:30,67.003,0.000,22173.000,15.500,45.000,210.000,68.800,14.843,68.000,74.500,66.700,62.200,64.300,76.500,69.100,68.400,78.800,72.400,63.500,64.300,81.600,67.700,67.700,59.800,62.200,86.900,67.000,88.800,60.800,55.100,67.300,58.300,26.316,30.836,5.222,0.000,0.355,19751.325,19475.125
2026-06-12T16:32:45+05:30,68.003,0.000,22173.000,15.470,45.000,210.000,73.000,14.843,69.800,65.600,77.800,66.700,72.700,66.300,86.700,81.800,70.500,75.500,75.800,77.100,78.800,60.800,75.000,63.900,66.000,77.100,59.400,95.000,71.700,71.400,81.000,64.200,26.260,30.892,5.222,0.000,0.227,18745.362,18263.427
2026-06-12T16:32:46+05:30,69.003,0.000,22173.000,15.390,45.000,210.000,69.200,14.843,86.000,67.400,68.800,69.700,76.800,64.900,64.600,72.700,66.700,67.300,64.200,68.400,77.300,77.300,65.600,73.700,73.700,74.000,78.800,61.200,51.500,58.900,63.500,67.000,26.228,30.923,5.222,0.012,2.059,21107.148,20772.783
2026-06-12T16:32:47+05:30,70.004,0.000,22173.000,15.110,45.000,210.000,68.200,14.843,74.200,90.800,90.000,60.400,69.400,60.200,54.500,62.900,72.200,65.300,67.000,73.200,70.700,62.500,59.800,64.900,82.700,52.100,67.000,78.600,56.100,59.800,74.200,66.700,26.203,30.948,5.222,0.425,0.480,19196.394,18780.536
2026-06-12T16:32:48+05:30,71.003,0.000,22173.000,15.120,44.000,210.000,68.400,14.843,64.600,74.000,63.900,75.000,77.100,63.500,62.500,52.000,66.700,73.500,62.500,63.900,69.400,66.700,77.800,60.800,72.400,67.300,66.700,70.400,85.700,68.800,70.400,64.600,26.247,30.903,5.222,0.661,0.004,20324.431,19932.629
2026-06-12T16:32:49+05:30,72.004,0.000,22173.000,15.130,44.000,210.000,73.000,16.938,71.100,71.000,70.400,69.800,77.600,77.600,76.800,66.700,64.600,61.900,68.000,77.100,82.500,76.000,77.600,62.500,81.800,66.000,70.400,72.700,100.000,76.000,68.400,66.700,26.270,30.880,5.222,0.844,0.027,20329.843,21500.525
2026-06-12T16:32:50+05:30,73.005,0.000,22173.000,15.230,44.000,210.000,75.000,16.938,70.100,79.600,77.700,64.300,80.000,67.300,76.500,75.300,85.700,63.300,78.400,76.800,74.500,70.800,81.400,78.600,71.700,77.600,76.300,77.300,73.000,93.100,66.000,64.200,26.253,30.900,5.222,0.406,0.199,18720.237,18289.277
2026-06-12T16:32:51+05:30,74.006,0.000,22173.000,15.380,44.000,210.000,70.600,16.938,75.300,72.900,70.700,70.700,57.900,85.000,66.300,72.000,65.700,66.700,69.100,74.500,72.600,73.500,71.700,66.700,61.900,67.300,67.300,71.400,72.200,66.300,74.500,84.500,25.993,31.160,5.222,0.004,1.461,20432.054,19789.360
2026-06-12T16:32:52+05:30,75.003,0.000,22173.000,15.340,44.000,210.000,75.200,16.938,93.900,73.700,71.100,76.000,72.200,71.400,72.900,94.900,77.300,82.800,63.900,96.000,68.700,69.800,69.800,75.000,71.900,73.200,82.500,74.200,70.800,75.800,61.100,64.000,26.083,31.069,5.222,0.243,0.309,19108.656,18700.418
2026-06-12T16:32:53+05:30,76.003,0.000,22173.000,15.280,44.000,210.000,70.900,16.938,62.500,67.000,71.900,72.700,76.500,76.800,70.700,77.600,70.800,78.900,64.900,62.900,61.900,72.400,72.200,67.700,68.000,85.900,57.700,58.000,83.000,70.700,79.600,70.100,26.147,31.005,5.222,0.305,0.047,21412.786,20498.608
2026-06-12T16:32:54+05:30,77.004,0.000,22285.000,68.350,49.000,2070.000,70.900,16.943,63.600,70.100,66.000,71.100,69.100,92.000,95.000,73.200,63.600,69.800,69.700,61.900,73.500,66.000,76.300,72.400,63.500,64.600,62.900,66.300,63.900,74.500,83.700,68.400,26.283,30.868,5.222,0.000,0.047,20640.941,19971.500
2026-06-12T16:32:55+05:30,78.003,100.000,22285.000,213.900,52.000,2070.000,78.000,16.943,75.800,79.600,84.400,71.100,89.900,84.700,89.900,82.700,89.900,69.500,98.000,72.600,69.100,79.800,73.700,60.000,72.400,87.900,63.900,74.200,85.700,62.500,84.400,69.100,26.334,30.818,5.222,1.129,8.348,18086.204,17521.652
2026-06-12T16:32:56+05:30,79.003,100.000,22285.000,371.900,52.000,2070.000,79.900,16.943,75.500,77.100,75.300,80.800,87.800,79.600,81.000,82.700,83.500,60.800,93.900,85.700,75.800,84.800,73.700,79.200,88.700,75.500,82.700,74.000,76.300,67.700,99.000,78.600,26.236,30.914,5.222,0.105,0.004,18508.929,18289.748
2026-06-12T16:32:57+05:30,80.008,100.000,22285.000,292.500,55.000,2070.000,80.900,16.943,73.200,79.200,86.000,84.700,74.700,77.100,79.800,83.800,86.900,70.100,69.800,99.000,78.400,84.500,88.900,76.500,79.000,75.500,75.000,86.700,71.400,72.000,95.000,91.900,26.252,30.899,5.222,0.012,0.340,17685.834,17267.328
2026-06-12T16:32:58+05:30,81.003,100.000,22285.000,364.480,55.000,2070.000,73.500,16.943,74.000,90.000,61.500,63.300,86.700,81.800,61.200,74.700,67.700,70.800,74.000,77.000,100.000,61.900,65.300,74.500,77.300,74.000,68.700,81.600,69.000,72.400,65.600,69.800,26.282,30.868,5.220,0.715,0.004,17387.388,17158.476
2026-06-12T16:32:59+05:30,82.003,100.000,22285.000,369.290,57.000,2070.000,78.000,17.428,90.800,78.800,69.100,86.700,77.600,76.500,59.600,71.100,72.900,76.500,81.600,72.900,69.100,91.900,79.600,79.600,84.800,70.100,73.200,61.200,100.000,82.500,83.000,77.300,26.245,30.905,5.220,0.168,0.023,18011.149,17545.735
2026-06-12T16:33:00+05:30,83.003,100.000,22285.000,379.280,56.000,2070.000,76.600,17.428,84.700,72.700,76.800,69.100,71.100,81.800,73.200,75.300,82.700,74.200,72.000,76.300,72.200,64.600,85.900,73.500,83.700,86.900,67.300,83.500,83.500,69.500,79.000,78.800,26.179,30.971,5.220,0.129,0.113,18350.188,18113.485
2026-06-12T16:33:01+05:30,84.003,100.000,22285.000,374.260,57.000,2070.000,76.900,17.428,88.000,71.100,83.000,70.100,74.000,85.900,76.500,68.700,100.000,80.600,68.400,80.600,81.600,75.500,61.200,77.300,76.300,84.800,72.200,79.600,76.300,67.700,68.800,76.000,26.163,30.985,5.220,0.008,0.004,19490.980,19061.829
2026-06-12T16:33:02+05:30,85.004,68.000,22285.000,371.330,57.000,2055.000,79.900,17.428,91.000,75.000,76.300,88.900,85.900,80.800,82.800,76.300,75.800,81.600,83.000,82.500,71.600,74.200,78.800,96.000,71.900,72.200,80.800,68.000,80.800,78.600,82.500,81.800,26.191,30.957,5.220,0.258,0.699,18739.479,18487.676
2026-06-12T16:33:03+05:30,86.003,99.000,22285.000,376.960,58.000,2055.000,76.700,17.428,81.400,84.800,68.400,74.000,62.900,79.400,70.400,78.600,67.700,72.400,77.800,89.900,81.400,79.200,67.000,78.800,98.000,75.800,76.300,72.400,81.400,70.800,69.100,81.800,26.175,30.972,5.220,0.734,0.187,19216.712,18740.508
2026-06-12T16:33:04+05:30,87.003,100.000,22285.000,381.860,58.000,2055.000,80.100,17.714,74.200,100.000,76.300,77.300,67.400,82.700,74.000,80.800,79.600,75.500,78.800,79.800,78.400,98.000,73.200,80.400,100.000,85.600,73.500,72.900,78.800,67.300,82.700,80.800,26.093,31.055,5.220,0.609,0.012,16130.200,15771.244
2026-06-12T16:33:05+05:30,88.003,99.000,22285.000,374.800,58.000,2055.000,82.700,17.714,80.600,93.900,79.400,78.400,77.300,87.800,82.500,82.300,78.400,81.400,84.700,85.700,80.400,95.900,74.500,86.900,85.700,80.600,86.600,85.000,79.400,77.300,84.000,78.400,26.010,31.137,5.220,0.937,1.449,19140.273,18543.268
2026-06-12T16:33:06+05:30,89.004,100.000,22285.000,383.680,59.000,2055.000,82.700,17.714,72.700,85.600,85.700,82.700,80.800,89.800,90.800,75.300,77.800,72.400,84.700,90.800,97.000,88.100,89.000,75.300,84.700,84.000,83.000,77.600,74.200,81.400,78.400,82.500,25.948,31.199,5.219,0.656,1.203,17810.989,17570.296
2026-06-12T16:33:07+05:30,90.012,92.000,22285.000,370.370,60.000,2055.000,81.600,17.714,80.400,81.600,84.000,60.000,72.700,93.100,79.600,85.900,79.600,78.400,80.600,75.500,81.800,84.500,81.400,74.500,92.900,91.000,95.900,83.500,80.800,83.800,77.600,78.800,26.072,31.074,5.219,0.285,0.289,17930.874,17545.869
2026-06-12T16:33:08+05:30,91.004,100.000,22285.000,394.380,60.000,2055.000,79.200,17.714,76.000,80.600,73.500,79.800,79.600,77.600,81.600,77.300,83.000,81.600,80.400,78.600,81.800,70.500,74.200,79.600,76.300,75.300,91.000,81.400,72.200,89.000,84.700,74.200,26.176,30.970,5.219,0.539,0.660,18599.964,18210.538
2026-06-12T16:33:09+05:30,92.003,100.000,22285.000,370.270,60.000,2055.000,79.300,17.978,69.700,71.900,74.200,73.200,80.200,77.600,76.500,90.000,89.700,69.800,80.600,72.900,79.400,87.900,76.500,80.600,92.000,79.600,68.000,79.400,79.400,74.200,99.000,77.600,26.186,30.967,5.219,0.023,0.262,19210.876,18782.015
2026-06-12T16:33:10+05:30,93.004,98.000,22285.000,347.400,60.000,2055.000,75.100,17.978,80.400,84.000,71.400,77.000,69.100,84.500,68.800,78.400,68.400,71.400,80.000,74.500,74.700,77.600,76.800,70.100,79.600,66.700,79.800,77.100,69.000,65.300,78.600,79.600,26.210,30.943,5.219,0.000,8.127,16092.358,15809.702
2026-06-12T16:33:11+05:30,94.018,100.000,22285.000,378.800,61.000,2055.000,79.100,17.978,75.000,78.800,77.300,91.800,78.400,83.000,71.100,76.800,77.600,82.800,74.200,71.000,77.600,77.600,78.600,81.800,79.600,80.600,78.400,89.000,76.500,79.800,68.700,94.000,26.313,30.839,5.219,0.379,0.012,14669.495,14181.423
2026-06-12T16:33:12+05:30,95.007,100.000,22285.000,364.890,62.000,2055.000,79.300,17.978,85.700,81.800,80.200,77.300,75.300,80.200,86.600,83.300,72.400,82.300,80.400,80.600,77.300,78.100,71.100,82.300,81.200,74.500,83.500,86.900,78.100,80.800,70.400,69.100,26.307,30.845,5.219,0.707,0.008,15382.027,16733.944
2026-06-12T16:33:13+05:30,96.005,100.000,22285.000,386.520,61.000,2055.000,74.100,17.978,90.900,72.400,67.000,69.100,64.000,71.700,74.000,82.800,77.100,71.100,75.500,77.800,87.800,79.400,75.500,74.500,64.300,68.000,69.100,82.800,77.800,61.900,80.800,66.700,26.247,30.904,5.219,0.133,0.008,15078.836,14464.019
2026-06-12T16:33:14+05:30,97.002,20.000,22285.000,324.640,60.000,2055.000,74.800,17.979,74.500,72.700,72.200,77.600,77.600,79.800,69.800,79.600,79.000,69.100,84.700,65.300,77.800,71.000,84.700,68.400,70.700,76.800,76.800,71.900,72.200,73.200,68.800,82.300,26.250,30.901,5.219,0.516,0.930,15445.101,15160.948
2026-06-12T16:33:15+05:30,98.004,100.000,22285.000,356.040,61.000,2055.000,80.700,17.979,72.400,88.800,93.100,80.600,80.600,86.700,74.500,85.900,85.700,81.600,81.800,80.600,84.800,75.500,81.600,98.000,71.100,79.400,71.900,80.600,77.900,78.100,67.700,76.300,26.249,30.902,5.219,0.078,0.539,13685.594,13481.905
2026-06-12T16:33:16+05:30,99.004,100.000,22285.000,373.610,61.000,2055.000,82.000,17.979,75.500,72.700,76.000,81.400,81.600,84.800,82.700,84.700,84.000,76.300,68.700,87.900,80.400,91.900,99.000,91.000,86.900,79.200,77.800,81.200,77.600,82.000,74.500,89.900,26.149,31.001,5.219,0.184,0.004,13986.620,13744.943
2026-06-12T16:33:17+05:30,100.005,21.000,22285.000,283.140,59.000,2055.000,79.600,17.979,71.400,82.500,83.700,69.400,81.600,84.800,75.000,83.700,76.300,81.600,82.700,74.200,91.900,99.000,70.100,84.700,80.400,69.100,79.400,75.800,68.000,74.500,83.800,87.100,26.114,31.036,5.219,0.000,0.008,10871.687,10345.048
2026-06-12T16:33:18+05:30,101.002,100.000,22285.000,335.360,61.000,2055.000,76.000,17.979,76.300,84.000,77.300,75.300,74.500,66.000,80.400,67.000,74.700,75.300,74.200,64.600,69.400,100.000,64.900,68.800,73.500,81.000,91.800,66.000,71.100,86.600,87.900,71.400,26.102,31.048,5.219,0.004,0.059,9453.112,9174.840
2026-06-12T16:33:19+05:30,102.003,0.000,22285.000,225.650,59.000,2055.000,70.200,17.821,62.100,65.300,71.900,64.300,70.000,70.100,63.900,64.300,69.800,69.700,82.000,74.200,69.400,100.000,65.600,77.800,50.500,62.900,71.100,74.700,64.900,74.700,74.000,70.800,26.183,30.966,5.219,0.457,0.004,9764.126,9274.029
2026-06-12T16:33:20+05:30,103.008,0.000,22285.000,191.640,57.000,2055.000,79.400,17.821,73.500,77.300,76.500,78.600,71.900,88.700,67.400,80.600,78.800,79.200,72.200,74.000,78.400,99.000,78.800,74.200,74.700,91.000,75.800,90.800,75.500,94.100,75.000,80.200,26.216,30.933,5.219,0.598,1.320,9716.107,9236.847
2026-06-12T16:33:21+05:30,104.003,0.000,22285.000,147.240,56.000,2055.000,67.700,17.821,100.000,61.900,68.700,62.600,67.300,53.600,70.400,66.300,58.900,66.300,72.900,65.600,63.500,68.000,70.400,64.300,60.200,62.200,57.100,60.800,64.900,90.900,82.700,63.300,26.341,30.807,5.219,0.219,0.227,8140.924,7957.003
2026-06-12T16:33:22+05:30,105.003,0.000,22285.000,120.170,56.000,1890.000,74.000,17.821,100.000,62.900,61.100,71.900,76.000,67.700,66.700,75.300,71.100,66.700,83.500,62.900,75.800,77.800,63.900,70.100,73.200,77.600,68.000,79.800,75.000,90.900,82.700,72.400,26.278,30.870,5.219,0.250,4.051,9325.848,9049.567
2026-06-12T16:33:23+05:30,106.003,0.000,22285.000,112.270,55.000,1890.000,70.500,17.821,78.800,78.800,75.800,76.500,73.200,65.600,67.700,68.400,66.300,80.800,85.900,65.600,72.400,56.700,71.400,67.700,66.000,58.600,76.300,61.900,62.200,75.500,73.500,67.000,26.254,30.894,5.219,0.156,0.012,9431.458,10844.884
2026-06-12T16:33:24+05:30,107.003,0.000,22285.000,104.370,55.000,1890.000,67.100,18.476,58.800,71.700,84.700,57.700,49.500,59.200,63.900,68.400,66.700,61.300,71.100,72.000,69.700,62.900,81.400,70.400,50.500,67.300,72.400,63.900,61.500,66.700,67.700,87.800,26.299,30.849,5.219,0.363,0.004,10226.958,9929.428
2026-06-12T16:33:25+05:30,108.003,0.000,22285.000,104.000,55.000,1890.000,59.800,18.476,71.900,62.900,72.200,68.400,53.100,49.000,52.100,64.000,72.000,56.100,47.400,53.100,81.400,65.300,66.000,67.000,50.000,62.500,46.500,69.700,53.500,50.000,42.300,61.200,26.189,30.958,5.219,0.137,8.086,10351.161,9860.469
2026-06-12T16:33:26+05:30,109.003,0.000,22285.000,103.730,55.000,1890.000,64.500,18.476,67.000,74.300,63.300,48.500,72.000,47.400,60.600,54.200,71.100,61.200,64.600,66.300,73.000,65.000,66.700,61.600,57.700,63.000,66.700,69.000,71.700,74.700,61.200,63.300,26.310,30.836,5.219,0.148,0.984,17696.743,17477.346
2026-06-12T16:33:27+05:30,110.003,0.000,22285.000,103.540,55.000,1890.000,68.200,18.476,76.300,73.700,62.900,61.900,67.000,61.500,79.800,60.200,71.100,89.900,67.700,69.700,76.800,70.100,77.300,57.300,67.700,72.200,56.700,51.600,58.300,78.400,67.300,59.800,26.384,30.762,5.219,0.109,0.008,15611.181,15202.928
2026-06-12T16:33:28+05:30,111.003,0.000,22285.000,103.450,55.000,1890.000,66.500,18.476,79.200,66.300,72.200,63.300,89.000,61.200,63.300,52.000,52.000,56.700,75.500,74.500,100.000,68.400,73.200,53.600,45.400,59.800,67.300,58.300,86.000,48.400,60.000,67.300,26.392,30.754,5.219,0.250,0.012,15904.367,15618.416
2026-06-12T16:33:29+05:30,112.002,0.000,22285.000,103.570,55.000,1890.000,66.700,18.357,77.600,78.400,78.600,58.300,84.800,61.900,55.200,64.300,59.800,58.500,57.400,85.600,90.800,68.000,70.700,57.100,57.100,72.400,51.500,70.400,57.100,56.100,54.200,72.400,26.374,30.771,5.219,0.137,0.027,15681.093,15276.429
2026-06-12T16:33:30+05:30,113.018,0.000,22285.000,103.770,55.000,1890.000,63.800,18.357,71.400,68.000,68.400,60.600,50.000,53.600,71.400,55.700,66.300,63.000,46.900,58.200,60.400,63.300,63.300,51.600,67.000,64.600,74.500,82.800,66.300,73.700,68.000,61.200,26.396,30.749,5.219,0.000,0.516,16311.861,16505.564
2026-06-12T16:33:31+05:30,114.002,0.000,22285.000,103.730,55.000,1890.000,65.700,18.357,64.300,66.000,57.700,54.200,73.500,70.400,56.200,53.100,66.300,56.300,68.000,60.800,57.000,63.600,67.300,69.100,69.100,65.300,55.200,100.000,62.200,68.000,93.000,60.400,25.936,31.209,5.219,0.008,0.203,15021.231,14663.325
2026-06-12T16:33:32+05:30,115.003,0.000,22285.000,103.550,55.000,1890.000,65.800,18.357,68.000,68.800,67.300,57.100,52.100,72.200,64.300,56.100,67.300,57.600,58.000,75.300,69.400,79.600,64.600,39.600,71.300,53.600,63.500,100.000,70.400,69.100,66.000,65.700,25.807,31.337,5.219,0.066,0.004,15523.017,15334.946
2026-06-12T16:33:33+05:30,116.003,0.000,22285.000,103.570,55.000,1890.000,68.500,18.357,73.200,71.000,64.300,61.900,91.000,68.700,59.800,55.700,73.500,70.100,57.400,64.900,61.100,72.900,66.000,57.700,74.000,57.700,71.400,99.000,68.700,61.900,83.000,57.300,25.922,31.230,5.219,0.004,0.016,15909.236,15609.989
2026-06-12T16:33:34+05:30,117.003,0.000,22285.000,103.680,55.000,1890.000,62.400,17.768,57.700,58.200,65.700,52.100,62.200,54.600,69.000,70.100,51.600,63.200,57.100,54.200,49.000,62.200,76.000,59.600,69.100,63.600,61.600,79.600,68.000,66.000,71.400,52.000,25.863,31.288,5.219,0.000,0.187,16576.311,16376.178
2026-06-12T16:33:35+05:30,118.003,0.000,22285.000,103.820,55.000,1890.000,63.500,17.768,70.700,55.700,54.600,70.400,67.300,68.000,59.600,72.700,62.600,64.600,62.100,64.300,62.900,54.100,100.000,45.300,54.100,62.800,55.200,63.600,64.300,61.900,69.400,56.700,25.874,31.277,5.219,0.000,0.039,15779.760,15550.194
2026-06-12T16:33:36+05:30,119.003,0.000,22285.000,103.660,55.000,1890.000,59.600,17.768,70.400,58.800,61.900,72.700,51.500,56.100,42.900,56.300,61.700,67.300,70.300,62.200,58.200,60.400,68.000,46.400,51.000,55.200,38.500,48.400,63.200,63.600,72.400,72.400,25.760,31.390,5.219,0.305,0.395,15971.692,15733.732
2026-06-12T16:33:37+05:30,120.003,0.000,22285.000,98.090,53.000,375.000,61.700,17.768,55.200,62.900,59.400,59.800,54.600,67.700,56.200,62.600,68.000,53.700,67.000,55.700,55.700,63.900,76.500,57.700,54.600,57.600,57.300,62.500,58.600,88.000,50.500,72.200,25.802,31.348,5.219,0.008,2.055,15537.988,15091.344
2026-06-12T16:33:38+05:30,121.002,0.000,22285.000,59.060,53.000,240.000,66.800,17.768,69.400,70.400,71.000,60.600,78.600,70.100,73.200,65.600,67.300,58.600,66.000,71.000,71.100,71.900,61.900,59.200,69.400,55.200,58.900,74.300,56.600,81.400,42.100,76.800,25.874,31.276,5.219,0.203,1.797,15909.634,15646.041
2026-06-12T16:33:39+05:30,122.003,0.000,22285.000,22.440,53.000,210.000,67.500,18.428,77.800,64.600,71.100,65.300,70.700,64.900,56.700,73.200,60.800,65.300,61.900,51.500,64.300,60.800,68.000,69.800,69.100,64.900,63.300,72.900,55.200,99.000,63.300,85.900,25.887,31.265,5.219,0.547,0.012,14602.562,14255.376
2026-06-12T16:33:40+05:30,123.005,0.000,22285.000,17.950,52.000,210.000,60.900,18.428,58.200,50.000,60.200,68.700,66.700,60.000,43.800,57.100,58.800,54.700,55.700,46.800,57.700,52.000,58.300,67.700,69.700,71.700,49.500,65.000,71.400,77.000,92.900,45.300,25.872,31.280,5.219,0.387,0.004,16566.979,16111.907
2026-06-12T16:33:41+05:30,124.002,0.000,22285.000,16.300,52.000,210.000,58.800,18.428,54.200,52.600,48.900,47.400,49.500,44.900,52.500,64.600,70.400,66.000,56.700,58.300,54.100,60.400,60.600,66.000,71.000,55.700,76.500,55.700,56.100,60.800,72.200,59.600,25.828,31.324,5.218,1.707,0.262,16528.618,15858.444
2026-06-12T16:33:42+05:30,125.002,0.000,22285.000,16.310,52.000,210.000,56.100,18.428,70.400,57.100,54.600,49.000,75.500,71.700,43.300,46.400,61.600,61.500,67.000,45.400,60.200,51.500,51.000,82.200,41.200,38.100,49.500,48.000,64.200,53.600,51.000,46.900,25.788,31.363,5.218,0.750,0.246,17365.953,17002.683
2026-06-12T16:33:43+05:30,126.003,0.000,22285.000,16.370,52.000,210.000,56.900,18.428,39.200,40.600,44.900,64.600,52.600,45.900,51.000,63.900,61.500,52.600,55.200,50.500,53.500,56.100,50.500,34.700,78.800,43.400,69.700,62.500,62.600,95.000,75.000,63.000,25.877,31.274,5.218,0.672,0.137,15846.128,15363.731
2026-06-12T16:33:44+05:30,127.003,0.000,22285.000,16.230,52.000,210.000,57.100,19.114,47.900,39.400,47.900,74.500,76.500,59.600,50.500,47.400,53.100,89.800,64.300,52.600,49.500,53.600,41.800,64.300,58.800,32.300,72.400,65.300,53.600,60.800,53.500,54.600,25.830,31.321,5.218,0.004,0.004,10073.194,9877.231
2026-06-12T16:33:45+05:30,128.002,0.000,22285.000,16.140,52.000,210.000,61.900,19.114,68.000,57.100,52.600,56.700,100.000,52.500,39.200,57.700,61.200,59.800,59.800,61.200,75.500,58.300,52.600,100.000,58.600,67.000,66.300,62.200,42.300,58.900,60.400,54.600,25.804,31.346,5.218,0.004,0.012,10473.183,10067.801
2026-06-12T16:33:46+05:30,129.003,0.000,22285.000,16.300,52.000,210.000,59.300,19.114,59.600,59.800,61.200,42.100,85.700,70.100,52.100,61.600,54.700,57.100,51.500,39.200,58.200,53.600,51.500,77.800,63.600,73.000,50.000,48.500,62.200,46.900,48.500,92.000,25.820,31.330,5.218,0.383,0.086,10469.560,10204.771
2026-06-12T16:33:47+05:30,130.003,0.000,22285.000,16.350,52.000,210.000,55.600,19.114,57.700,66.700,53.100,71.000,49.500,76.800,54.600,54.500,46.000,39.800,41.200,92.900,43.300,55.600,56.100,49.000,65.300,53.100,46.400,59.000,34.000,63.600,69.100,38.500,25.815,31.334,5.218,0.000,0.188,10335.449,9938.071
2026-06-12T16:33:48+05:30,131.003,0.000,22285.000,16.300,52.000,210.000,53.600,19.114,37.100,60.400,47.400,74.700,86.000,57.600,48.500,56.700,45.900,37.100,43.400,47.400,42.900,81.800,39.200,70.400,54.600,54.200,84.800,41.100,43.900,44.800,46.900,35.400,25.685,31.464,5.218,0.129,0.020,10211.158,10006.394
2026-06-12T16:33:49+05:30,132.003,0.000,22285.000,16.250,51.000,210.000,52.800,18.384,64.600,56.600,67.700,70.700,80.600,49.000,63.500,66.300,61.200,32.700,44.900,34.700,23.700,40.800,50.000,41.200,75.800,56.600,44.800,55.700,51.600,52.100,38.900,40.600,25.655,31.493,5.217,0.020,0.012,10743.287,10315.752
2026-06-12T16:33:50+05:30,133.002,0.000,22285.000,16.310,51.000,210.000,52.900,18.384,50.500,58.000,51.500,59.400,57.600,96.000,36.100,48.500,59.600,41.700,40.000,44.900,34.000,29.900,67.300,57.700,62.500,68.700,44.400,69.000,38.400,50.500,40.200,56.600,25.690,31.458,5.217,0.125,0.004,10383.750,10151.195
2026-06-12T16:33:51+05:30,134.003,0.000,22285.000,16.380,51.000,210.000,54.300,18.384,51.500,50.500,46.400,56.100,38.100,57.100,79.000,80.800,48.500,55.200,63.900,61.900,41.700,52.600,39.400,48.500,52.500,76.500,53.100,31.600,53.600,54.100,61.200,51.100,25.743,31.404,5.217,0.004,0.266,10562.429,10176.953
2026-06-12T16:33:52+05:30,135.002,0.000,22285.000,16.340,51.000,210.000,56.000,18.384,79.600,43.800,59.400,63.900,68.000,68.700,43.900,69.700,73.700,47.900,44.900,59.600,62.200,47.900,47.900,45.000,44.200,43.400,50.000,74.700,39.400,55.200,51.000,59.200,25.591,31.556,5.217,0.133,0.109,10203.515,9934.105
2026-06-12T16:33:53+05:30,136.003,0.000,22285.000,16.340,51.000,210.000,62.900,18.384,66.000,58.800,62.900,49.000,63.600,60.800,76.500,60.400,64.600,47.400,50.000,60.800,64.600,70.000,68.400,51.000,58.600,45.700,67.000,100.000,62.200,67.300,62.200,72.300,25.606,31.541,5.217,0.238,0.504,13164.118,9782.564
2026-06-12T16:33:54+05:30,137.002,0.000,22285.000,16.260,51.000,210.000,59.200,19.395,57.300,54.700,54.200,59.800,49.500,73.700,56.600,62.500,34.700,53.100,48.500,48.500,75.800,69.100,63.800,53.100,55.700,64.300,42.700,100.000,35.800,85.900,59.800,54.100,25.556,31.589,5.217,0.008,2.477,14019.519,10204.934
2026-06-12T16:33:55+05:30,138.003,0.000,22285.000,16.280,51.000,210.000,59.000,19.395,63.600,54.600,50.000,57.100,56.600,67.000,56.700,81.200,55.100,38.900,44.000,44.800,56.300,53.500,63.300,48.500,48.500,55.200,72.700,100.000,51.000,71.100,60.600,66.700,25.605,31.541,5.217,0.148,3.293,10174.013,9545.406
2026-06-12T16:33:56+05:30,139.004,0.000,22285.000,16.260,51.000,210.000,59.800,19.395,66.300,62.100,71.400,55.600,70.100,50.000,69.100,71.400,45.300,40.800,62.900,52.600,74.200,53.100,54.700,46.900,42.900,50.000,68.400,100.000,47.900,45.400,37.500,92.900,25.635,31.510,5.217,0.004,0.008,9839.534,9492.352
2026-06-12T16:33:57+05:30,140.003,0.000,22285.000,16.140,51.000,210.000,54.200,19.395,52.100,54.700,66.700,46.900,64.600,43.300,49.000,35.700,39.600,68.400,59.200,50.500,54.200,58.800,54.700,40.600,48.500,59.600,48.000,100.000,40.400,52.000,68.700,45.400,25.652,31.493,5.217,0.254,11.876,10818.263,10230.621
2026-06-12T16:33:58+05:30,141.004,0.000,22285.000,16.080,51.000,210.000,60.200,19.395,36.600,85.100,49.000,58.300,62.900,70.700,54.600,57.300,57.300,62.600,52.600,69.100,41.700,42.300,53.500,53.600,46.300,72.400,62.900,100.000,54.100,50.500,100.000,47.900,25.704,31.440,5.217,0.004,0.004,10920.045,10439.322
2026-06-12T16:33:59+05:30,142.003,0.000,22285.000,16.060,51.000,210.000,55.800,19.443,50.500,45.400,37.900,48.400,60.600,69.700,75.300,62.200,66.700,58.200,37.900,30.200,45.800,42.900,57.100,68.700,63.000,43.900,49.500,100.000,46.900,40.200,99.000,31.600,25.740,31.404,5.217,0.012,0.012,10370.490,9960.965
2026-06-12T16:34:00+05:30,143.002,0.000,22285.000,16.110,51.000,210.000,57.000,19.443,71.100,55.200,59.400,61.900,47.900,72.400,56.100,37.500,52.600,43.200,43.700,37.100,70.700,61.100,56.600,50.000,64.000,43.300,34.000,100.000,43.900,56.700,97.000,47.400,25.688,31.456,5.217,0.016,0.355,9360.612,9183.396
2026-06-12T16:34:01+05:30,144.002,0.000,22285.000,16.150,50.000,210.000,51.700,19.443,49.000,36.100,38.800,40.200,40.000,42.900,35.400,82.300,59.000,60.200,37.900,44.700,30.900,42.900,44.800,79.200,48.000,82.800,52.000,100.000,41.700,63.000,50.500,35.800,25.679,31.464,5.217,0.004,0.078,11045.399,10557.020
2026-06-12T16:34:02+05:30,145.003,0.000,22285.000,16.010,50.000,210.000,54.100,19.443,58.200,44.300,42.900,38.800,65.300,57.700,63.300,85.400,47.400,62.200,50.000,49.500,56.700,52.000,56.600,33.700,55.600,28.900,37.500,100.000,52.100,43.300,76.800,39.200,25.776,31.367,5.217,0.000,0.004,10242.896,10055.943
2026-06-12T16:34:03+05:30,146.003,0.000,22285.000,15.940,50.000,210.000,58.900,19.443,71.700,59.800,56.100,71.700,52.100,58.600,42.900,62.100,45.800,58.800,67.700,65.600,56.700,50.000,69.000,41.900,99.000,47.400,40.400,100.000,30.900,58.200,56.000,47.900,25.698,31.444,5.217,0.023,0.008,9767.137,9558.421
2026-06-12T16:34:04+05:30,147.003,0.000,22285.000,16.010,50.000,210.000,57.500,18.847,50.500,56.600,58.200,71.900,51.500,82.000,39.200,45.400,39.800,55.700,58.300,51.500,77.800,41.800,55.600,91.900,70.700,35.000,44.400,100.000,39.800,50.000,55.700,54.200,25.673,31.469,5.217,0.000,0.008,10505.782,10250.425
2026-06-12T16:34:05+05:30,148.003,0.000,22285.000,16.120,50.000,210.000,54.400,18.847,47.500,56.600,52.500,45.400,59.200,55.700,38.500,29.200,45.400,47.900,50.000,54.600,47.500,39.400,52.000,85.000,73.500,75.500,46.300,100.000,41.700,53.700,48.000,57.100,25.661,31.480,5.217,0.004,0.242,10307.866,9901.860
2026-06-12T16:34:06+05:30,149.002,0.000,22285.000,16.060,50.000,210.000,55.200,18.847,48.500,42.400,44.300,54.700,69.400,62.200,43.400,67.000,66.000,53.500,59.800,51.000,31.600,54.500,35.100,59.600,60.800,64.000,57.000,77.600,36.100,46.900,55.200,81.800,25.719,31.430,5.217,0.012,0.004,10628.962,10382.436
2026-06-12T16:34:07+05:30,150.003,0.000,22285.000,16.020,50.000,210.000,54.300,18.847,46.900,48.900,61.600,51.500,48.000,49.500,53.100,55.100,52.000,46.400,59.800,40.200,62.200,85.900,38.000,46.400,99.000,32.300,64.600,51.600,53.700,44.000,51.500,59.800,25.689,31.460,5.217,0.012,0.020,10332.600,9917.764
2026-06-12T16:34:08+05:30,151.002,0.000,22285.000,16.080,50.000,210.000,59.800,18.847,66.700,68.400,48.500,63.900,50.500,67.300,67.000,56.800,64.600,40.600,48.000,52.100,61.600,97.000,45.900,82.800,74.500,50.500,67.300,60.400,55.300,57.700,38.900,43.300,25.635,31.513,5.217,0.027,1.934,10448.861,10200.316
2026-06-12T16:34:09+05:30,152.007,0.000,22285.000,16.030,50.000,210.000,53.600,18.539,44.700,51.500,49.500,46.900,44.300,61.600,63.900,51.500,90.900,62.600,42.100,40.200,59.800,64.300,45.800,72.400,30.200,39.200,81.000,47.500,44.300,49.000,48.500,52.600,25.626,31.522,5.217,0.047,0.016,10771.665,10376.922
2026-06-12T16:34:10+05:30,153.002,0.000,22285.000,16.000,50.000,210.000,55.500,18.539,64.600,56.200,51.500,61.200,60.200,51.500,41.100,40.200,80.000,54.600,55.000,61.200,59.200,51.500,47.400,51.000,83.700,55.700,58.600,35.400,46.400,49.000,53.100,61.200,25.632,31.516,5.217,0.004,1.981,10598.056,10216.364
2026-06-12T16:34:11+05:30,154.003,0.000,22285.000,15.990,50.000,210.000,47.200,18.539,47.400,53.500,58.300,39.200,41.700,55.700,27.600,28.600,38.500,55.600,35.100,35.100,49.000,42.300,45.400,41.200,77.200,57.300,22.700,24.500,91.000,37.100,34.000,93.000,25.674,31.473,5.217,0.004,0.012,11018.518,10431.507
2026-06-12T16:34:12+05:30,155.003,0.000,22285.000,16.000,50.000,210.000,62.100,18.539,62.900,55.700,85.000,68.400,51.000,76.500,51.500,51.000,54.100,64.600,63.500,68.000,60.400,60.800,58.300,51.500,54.200,100.000,62.200,64.900,59.800,44.300,51.600,70.000,25.811,31.329,5.217,0.039,0.473,10210.509,9684.746
2026-06-12T16:34:13+05:30,156.003,0.000,22285.000,16.030,50.000,210.000,53.700,18.539,38.100,53.500,59.600,61.200,51.500,81.600,53.100,49.500,62.600,50.000,33.700,57.600,32.600,40.200,56.600,37.100,44.900,100.000,57.300,69.700,57.600,38.800,41.400,58.800,25.829,31.311,5.217,0.344,0.227,11353.597,10882.827
2026-06-12T16:34:14+05:30,157.003,0.000,22285.000,16.020,49.000,210.000,54.700,18.896,66.700,66.000,51.500,58.200,69.700,41.100,46.400,39.600,37.400,49.500,57.300,64.300,49.000,70.400,46.900,44.400,60.800,100.000,38.000,33.300,48.500,55.100,50.000,64.300,25.600,31.539,5.217,0.012,0.328,10849.271,10453.302
2026-06-12T16:34:15+05:30,158.003,0.000,22285.000,15.860,49.000,210.000,58.700,18.896,67.700,55.700,64.600,59.800,30.900,38.800,51.500,72.700,54.200,61.600,51.500,35.400,72.400,62.200,79.800,52.000,35.400,100.000,61.500,44.700,74.700,64.300,61.500,51.500,25.486,31.653,5.217,0.016,0.266,10808.552,10260.717
2026-06-12T16:34:16+05:30,159.004,0.000,22285.000,15.780,49.000,210.000,58.600,18.896,57.300,51.500,75.800,56.600,50.000,55.700,51.600,63.500,61.200,53.100,45.400,64.600,59.000,59.600,63.900,54.200,46.300,100.000,62.200,54.100,43.900,55.700,47.400,73.200,25.516,31.622,5.217,0.004,0.254,10602.778,10104.161
2026-06-12T16:34:17+05:30,160.003,0.000,22285.000,15.710,49.000,210.000,58.500,18.896,60.400,54.600,42.600,35.100,58.000,56.100,53.100,64.300,62.500,57.700,53.100,58.200,71.700,51.500,57.300,65.000,35.600,100.000,61.600,74.200,59.400,52.600,40.600,78.800,25.603,31.535,5.217,0.000,0.012,10668.345,10106.006
